name,description,weight
Walker, Woods and Russell,Smile enter local card. Model worry piece executive.,2327
Brown-Snyder,Author my near total interest dream. Easy boy staff minute attorney his some. Back campaign thank career his activity.,786
Jones-Bridges,Improve road nature final trip. Card picture movie son debate another glass.,1430
Solis, Hamilton and Thompson,Stuff successful group foreign generation. Grow season clearly.,7215
Galvan and Sons,Skill though into maybe box. Against society church such. Shake wait Republican suffer near.,6472
Lee Inc,Summer speech power anyone. Attorney party in either.,7845
Bryant and Sons,Measure hospital your several article own add. Management happy shake price first since figure.,1103
Jones-Lowe,Partner camera that rise five. Somebody bag table realize now center catch phone. Hit understand soldier in nearly.,7079
Cole-Burke,Cut recently action new. Glass statement great into late next.,5550
Myers, Simon and Robinson,Phone unit social participant. Thousand later future machine good imagine partner brother. Over help marriage local include vote test.,6779
Clark-Delgado,Money guy practice local. Evening peace by scientist trip table available. Scene allow if spring station culture real quality.,9583
Miller-Johnson,Want thank likely after set. Agency source radio I he easy. Kid source whether during drive.,4108
Wilcox LLC,Only section support lead enough more. Friend resource help argue today.,907
Moss, Ferrell and Gonzalez,Growth education garden answer sign. Production give machine money another. Soldier way reality I money general she.,9249
Potter PLC,Area serve hear western country degree. Attorney I west oil Congress process. Music fly onto write exactly. Especially necessary tell take agree later goal decide.,5904
Cain, Williams and Russell,Scientist truth cell draw entire. Team century morning whatever live. Continue next discussion give.,7547
Costa Inc,Seem baby color heavy phone. Election listen reality once.,4665
Brown, Mcdonald and Fuller,Win forget continue chance. Put deep it class approach.,3894
Briggs-Hines,Set industry performance son far without. Indeed far consumer would rather range.,9876
Ortiz Inc,Option write fall maintain work. College director scientist prove.,6832
Sutton LLC,Left democratic business hair west. Likely imagine really national yet discover purpose series.,1647
Williams-Garcia,Put whatever forward enough picture note. Across accept hair data respond third for. Husband technology together international majority from his.,9013
Burgess and Sons,Thus protect mind easy. President moment help system study career treatment son.,3414
Mcfarland Group,Place moment popular song ask program with. Way happy she somebody hold. Old again only authority.,6391
Chavez, Page and Pena,Entire tonight single. Point owner growth life onto same product.,6099
Dominguez-Johnson,Standard try option word institution. Scientist positive site find career only director. Police study system floor safe sound here.,2428
Carney-Velez,That everybody conference any available help arm view. Feel certain direction pick wear throughout feeling. Her time campaign style choice however drop positive.,3059
Lloyd Ltd,Oil best somebody future.,6542
Fischer-White,Piece there administration fall north. Today shoulder discuss rise human development I. Never you think.,9572
Graves and Sons,Again former clearly property kid. Major almost wife have. Station TV tell hold cold. Full role wear police art test election.,157
