name,code,description
Abbott-Rice,434-76-0970,Change beat us success protect thank. Tree end box eat. Door close population long goal family.
Graham Inc,435-42-5916,No natural mean organization energy produce piece. Play bring popular stop ready send good.
Flores LLC,071-49-5818,Project idea born employee might. Dog plant turn run. Top stand gas where relate of. Painting west according stop decade prepare line.
Davidson PLC,579-71-3203,Trip foot national one. Task song soldier community organization nothing. Stock computer decade important push reduce million.
Flynn, Henry and Ward,624-14-4306,Would person hot home. Tonight company ready example position beat take.
Becker Inc,116-94-7361,Sport through growth and. Claim staff owner almost realize president view. Nearly less become effort.
Torres-Smith,047-05-5101,Not stuff finish big day. Do treat must stop whatever company war. Any action way who after total special.
Guerrero, Hahn and Carr,465-24-1753,Physical present store chair wife paper help. Attorney play up animal wrong move her hundred. Home traditional true responsibility institution.
Turner and Sons,467-54-0059,Marriage party project go billion never land family. Provide happy prepare expert live human audience. Pull force dog seven.
Russell-Ellis,187-19-3983,Its couple participant traditional candidate. She sing charge decision never. Support blue rock process office. Artist wear memory task.
Marks LLC,171-15-2460,His yes war seven. About trial deep like himself shoulder.
Hart, King and Hernandez,845-25-8028,Marriage modern guy shake. Rather book figure happy early that mention.
Dorsey, Aguilar and Park,733-65-7058,Theory chair physical firm seek eat. Music own yet pressure. To build music month resource daughter physical physical.
Hernandez Ltd,292-41-7295,Shake later lay article catch sign. Choice while her as. Including race every. Beyond news draw wide Republican ever.
Hobbs, Sweeney and Curtis,497-89-6036,Question avoid hear long. Past check though what president hotel method.
Baker, Garcia and Walls,893-21-3648,Cover research treatment total.
Lee and Sons,085-34-9563,Fear industry experience indicate training lead debate. Sure audience place service same manage front already. Thought ready find account eat tend.
Martin-Pruitt,133-48-3877,Religious church like itself room speech everyone. Suggest true entire PM before outside mean.
Combs-Robinson,181-31-0292,One hold land cover approach information wear.
Smith-Webb,765-83-2065,Practice eight news everyone Mr office actually.
Moreno and Sons,582-32-5711,Perhaps continue foreign adult carry daughter decision. Course structure determine lay eat itself per.
Martinez-Lambert,034-79-1034,Would Mrs situation music someone then across food. Size under goal summer television career arm. Campaign issue into animal goal protect take.
Carter, Johnson and Moore,746-69-7740,Total usually take consider. Throughout return meet. Laugh after grow ball pay.
Jones-Butler,629-80-0930,Physical impact tend such. Apply will cause process treat clearly main write. Seem officer almost relate interesting collection most.
Callahan-Shields,004-37-0263,On condition present experience onto assume. Truth set relate school according. Person foot my long.
Bell-Hinton,569-78-8371,American radio understand skill candidate meeting yourself. Great describe evidence no reach young. Them different must society test key pick.
Hansen, Berg and Kelley,510-83-8185,Stop sure sure some. From central whatever team part lot yourself. Final gas they position lawyer natural.
Mcclure-Perry,615-39-4510,Race every occur nice again.
Bryant-Hawkins,030-34-5080,Reach detail key teach purpose western skill. Provide thousand cut at defense medical throughout section.
Wiley-Mcbride,553-69-9576,Brother sport such quickly. Professional down firm project citizen short. Yet budget card shoulder find either travel guy.
