username,name,password
Rojas,Jason,^A0JCuIW7^
Adams,Deborah,Ig9E15mK%S
Kennedy,Jennifer,$7hLd0pMDo
Nichols,Vincent,%#7Jh6BZw+
Kelly,Alfred,i8Ezr!Hi_3
Jones,Christopher,mY2G^AbT!@
Lee,Pamela,G5Cj$j4g)E
Jimenez,Jacob,pfZ!6Un#NL
Allison,Audrey,@^4L$uODXI
Brown,Vanessa,%61oFi5aoN
Garcia,Hector,V37E%TcZq#
Ferguson,George,d*ym3EjYCK
Guerrero,Brian,T8bu#Ttv&I
Sanders,Eddie,$Xw(ymoD8W
Wilkerson,Vernon,@eGHt!y934
Haas,Brian,Sg&9JCypXT
Young,Zachary,r@7cLPPpM*
Ball,Linda,+89GAuIX$x
Nunez,Charles,Y(6(ZClqy#
Howard,John,333qMJYv)r
Sanchez,Shelby,erKLxrYX@0
Freeman,Jacob,K&x53LweJX
Hoover,Philip,%lUe9FocfY
Haynes,Sara,S4YtcUq&)H
Butler,Douglas,$DK#O^$qS3
Byrd,Michael,XbCH6UsV0!
Carroll,Colleen,kf3p6XNc*W
Tapia,Amber,*6UX&XlpBO
Bowen,Lisa,4&9ZyzKrlP
Rodriguez,Travis,^uJzR)Zo72
Martinez,Shelby,oL73i$Ou(z
Ware,Gregory,w#7Sxy6Uw#
Carr,Scott,(^9PS7KhzP
Conner,Amy,X84%&IOgx(
Adkins,Amanda,RqYF9GeC$9
Jones,Michelle,%H0hnPOskH
Eaton,Nicholas,(KSjQQko10
Williams,Jillian,K)u1IM_p%1
Vazquez,Marcus,yPR8TuVc%H
Mathis,Michael,Df6imCoq$6
Taylor,Dale,+3GgsNKo^k
Mcintyre,Tiffany,y4djIbZC!a
Phillips,James,&6Oq@HRe(Z
Hall,Mark,*6XKDhQEXm
Fernandez,Tracey,ScVMHy4P^6
Barker,Paula,_*K2Bre(fz
Garza,Thomas,7%KC2Rws0K
Lyons,Sarah,@1QNr)gtsl
Thompson,Stephanie,!I&32MkXS1
Nichols,Ariel,ST5Q1Nz)*h
